Neysa,Uthkarsh,Mani,606162272,Kala Road,615,Korba,Maharashtra,India,407120,7704427893,neysa.mani@yahoo.in
Anya,Hazel,Dhar,854711076,Das Circle,717,Pune,Meghalaya,India,627509,8419802762,anya.dhar@outlook.in
Umang,Riya,Singh,686887321,Kara Zila,51,Gangtok,Andhra Pradesh,India,232689,6291895991,umang.singh@yahoo.in
Tushar,Emir,Khare,704681222,Ganesan Road,115,Gwalior,Bihar,India,251683,3408984562,tushar.khare@yahoo.in
Lakshay,Kiara,Venkatesh,625931052,Barman Ganj,523,Sambhal,Punjab,India,772408,8894452239,lakshay.venkatesh@outlook.in
Elakshi,Tara,Sengupta,708424215,Balan Ganj,279,Nizamabad,Maharashtra,India,905791,1646873524,elakshi.sengupta@rediffmail.com
Samarth,Kismat,Sankaran,706999525,Viswanathan Marg,634,Agartala,Tamil Nadu,India,615657,7441658392,samarth.sankaran@rediffmail.com
Nehmat,Anahi,Dalal,445570872,Kurian Chowk,899,Vasai-Virar,Maharashtra,India,888566,4003279786,nehmat.dalal@rediffmail.com
Uthkarsh,Abram,Bhatt,912700913,Lad Street,468,Rourkela,Gujarat,India,851286,5174348618,uthkarsh.bhatt@gmail.com
Armaan,Bhamini,Wali,555462192,Rattan Street,825,Kolhapur,Telangana,India,551993,7090896471,armaan.wali@outlook.in
Aayush,Adira,Divan,226254084,Sem Road,321,Nagaon,Karnataka,India,793297,3792676715,aayush.divan@rediffmail.com
Hridaan,Piya,Dhillon,661836740,Suri Ganj,591,Kadapa,Punjab,India,884077,6374032156,hridaan.dhillon@yahoo.in
Anahi,Siya,Cheema,454525036,Butala Street,816,Hyderabad,Karnataka,India,453606,2788007547,anahi.cheema@yahoo.in
Indrajit,Aarush,Keer,171992253,Sarna Road,364,Kollam,Tamil Nadu,India,233443,9993008031,indrajit.keer@gmail.com
Amira,Biju,Gandhi,201698998,Kaur,983,Jabalpur,Kerala,India,247988,4793930101,amira.gandhi@rediffmail.com
Shray,Kartik,Ratti,115171420,Dhar Road,785,Bhimavaram,Telangana,India,850099,6608154934,shray.ratti@gmail.com
Misha,Onkar,Sinha,533006098,Madan Circle,873,Solapur,Odisha,India,583382,1654646678,misha.sinha@yahoo.in
Sana,Jayesh,Chokshi,400632183,Manda Road,40,Cuttack,Uttar Pradesh,India,589944,6939710069,sana.chokshi@gmail.com
Kashvi,Lavanya,Som,735837671,Swamy Road,744,Bhagalpur,Goa,India,445427,1929617578,kashvi.som@rediffmail.com
Zaina,Hridaan,Rana,257294219,Khanna Street,548,North Dumdum,Assam,India,329360,1224150855,zaina.rana@gmail.com
Diya,Aarna,Swamy,572112488,Gade Chowk,833,Orai,Tripura,India,478015,1503784616,diya.swamy@rediffmail.com
Jhanvi,Urvi,Hegde,505133040,Sastry Marg,612,Raichur,Jharkhand,India,613509,7191825941,jhanvi.hegde@gmail.com
Rania,Piya,Subramaniam,369014246,Mallick Zila,746,Karnal,Goa,India,419941,8172763300,rania.subramaniam@gmail.com
Samiha,Mannat,Kala,329544484,Vora Circle,433,Eluru,Kerala,India,577708,1045837716,samiha.kala@gmail.com
Ahana ,Kartik,Gole,664790986,Raj Nagar,721,Ozhukarai,Bihar,India,113506,9207857552,ahana .gole@outlook.in
Ojas,Mahika,Krishnamurthy,113952742,Badal Road,783,Nangloi Jat,Madhya Pradesh,India,428190,6381757026,ojas.krishnamurthy@rediffmail.com
Mishti,Aniruddh,Balakrishnan,714374583,Ramanathan Chowk,566,Pallavaram,Goa,India,889511,4467888399,mishti.balakrishnan@gmail.com
Armaan,Manjari,Goyal,130963459,Sastry Street,896,Mira-Bhayandar,Assam,India,262523,4632696804,armaan.goyal@rediffmail.com
Bhavin,Rhea,Kapadia,784486956,Dugar Nagar,405,Tinsukia,Himachal Pradesh,India,660243,5366583537,bhavin.kapadia@outlook.in
Pari,Rhea,Vala,439818115,Zachariah Street,487,Hazaribagh,Andhra Pradesh,India,745434,7026582511,pari.vala@yahoo.in
Nitya,Chirag,Sami,166017304,Tella Ganj,812,Shimoga,Assam,India,262564,6036215200,nitya.sami@outlook.in
Azad,Kiaan,Devi,753403071,Jayaraman Circle,271,Delhi,Jharkhand,India,473834,2506179666,azad.devi@rediffmail.com
Shlok,Rasha,Kaul,710071396,Mandal Zila,349,Hubli–Dharwad,Bihar,India,733310,4942827617,shlok.kaul@gmail.com
Jivin,Kabir,Sethi,192790248,Rajagopal Path,194,Gulbarga,Uttar Pradesh,India,220749,1044833889,jivin.sethi@gmail.com
Navya,Dhanush,Grover,594296083,Dube Ganj,575,Mira-Bhayandar,Jharkhand,India,467906,5524040701,navya.grover@gmail.com
Renee,Ranbir,Dhar,291130376,Mandal Street,465,Haridwar,Haryana,India,143693,4587479963,renee.dhar@outlook.in
Purab,Jayesh,Wagle,313915836,Dayal Road,423,Bilaspur,Assam,India,306225,7399010176,purab.wagle@yahoo.in
Kavya,Trisha,Gopal,474584710,Kar Circle,808,Vadodara,Uttarakhand,India,457084,7808480880,kavya.gopal@gmail.com
Indrans,Lakshay,Luthra,710649119,Ghose Marg,116,Dhule,Karnataka,India,369094,8706438472,indrans.luthra@gmail.com
Divij,Lakshay,Kunda,930441589,Chopra Road,244,Bhilwara,Arunachal Pradesh,India,800592,4959613569,divij.kunda@gmail.com
Ela,Kabir,Sahni,777653137,Boase Chowk,796,Dharmavaram,Karnataka,India,209394,5440351015,ela.sahni@gmail.com
Rati,Taimur,Ben,775890502,Buch Nagar,183,Fatehpur,Karnataka,India,259786,4878269039,rati.ben@rediffmail.com
Kabir,Ishaan,Gola,428860953,Mahajan Chowk,422,Lucknow,Manipur,India,898044,7010091529,kabir.gola@rediffmail.com
Nirvaan,Umang,Date,876715256,Ganguly,355,Rewa,Jharkhand,India,578388,5758202336,nirvaan.date@yahoo.in
Aaryahi,Kashvi,Soman,389224147,Rajagopalan Marg,454,Ujjain,Mizoram,India,853050,3250929906,aaryahi.soman@outlook.in
Jiya,Hansh,Sheth,249839821,Subramaniam Path,428,Mysore,Jharkhand,India,932367,6781465992,jiya.sheth@yahoo.in
Vivaan,Aarav,Butala,594552310,Chaudhry Street,281,Barasat,Jharkhand,India,629478,1345209162,vivaan.butala@yahoo.in
Miraan,Adira,Varughese,318315314,Sengupta Zila,431,Jamnagar,Sikkim,India,779700,8626180528,miraan.varughese@gmail.com
Aarush,Shray,Khare,271079075,Keer Zila,144,Rajpur Sonarpur,Meghalaya,India,739717,8165881716,aarush.khare@gmail.com
Anahi,Tarini,Sastry,360642244,Hari Zila,647,Ratlam,Tripura,India,633168,5016921419,anahi.sastry@gmail.com
Yakshit,Raunak,Som,451233662,Raju Marg,649,Deoghar,Assam,India,489529,6784750523,yakshit.som@yahoo.in
Oorja,Anay,Shanker,729673300,Wali Ganj,444,Noida,Kerala,India,693934,6850949950,oorja.shanker@yahoo.in
Damini,Manjari,Tata,101708903,Sheth,736,Solapur,Rajasthan,India,569674,1988158051,damini.tata@gmail.com
Charvi,Lakshit,Chandra,147510841,Kalla Road,655,Sonipat,Madhya Pradesh,India,606027,3809101628,charvi.chandra@outlook.in
Aarna,Sahil,Borra,405977902,Sandal Marg,658,Visakhapatnam,Himachal Pradesh,India,116609,2811346167,aarna.borra@gmail.com
Ishaan,Ela,Issac,832656759,Kaul Zila,792,Sri Ganganagar,Sikkim,India,135098,4146796542,ishaan.issac@yahoo.in
Neysa,Zaina,Venkataraman,534300167,Buch Nagar,285,Warangal,Odisha,India,598426,7472388712,neysa.venkataraman@outlook.in
Piya,Aradhya,Karan,112443230,Kakar Marg,211,Avadi,Maharashtra,India,175549,3723512559,piya.karan@gmail.com
Lavanya,Alisha,Swamy,961590184,Grewal Circle,954,Thanjavur,West Bengal,India,473949,2567069461,lavanya.swamy@rediffmail.com
Vedika,Hazel,Chakraborty,555336460,Virk Marg,147,Jalgaon,Andhra Pradesh,India,806477,7829655223,vedika.chakraborty@outlook.in
Kiaan,Mannat,Kurian,972775048,Kalla Chowk,770,Madhyamgram,Jharkhand,India,184513,1171130607,kiaan.kurian@yahoo.in
Ayesha,Badal,Karpe,494175052,Sankar,437,Nizamabad,Maharashtra,India,759451,4518305561,ayesha.karpe@outlook.in
Hrishita,Ritvik,Deol,291907920,Joshi Path,115,Amroha,Karnataka,India,340769,9742900191,hrishita.deol@yahoo.in
Faiyaz,Armaan,Gokhale,885876277,Shankar Circle,219,Kulti,Goa,India,173524,9950913099,faiyaz.gokhale@yahoo.in
Divit,Hunar,Bhatnagar,880382037,Kale Chowk,390,Hapur,Manipur,India,555695,2968897085,divit.bhatnagar@yahoo.in
Dhanuk,Armaan,Gade,500285937,Ramanathan Street,402,Eluru,Mizoram,India,699186,5633259825,dhanuk.gade@rediffmail.com
Navya,Aarna,Shere,424254974,Apte Marg,87,Bardhaman,Telangana,India,280061,4792135573,navya.shere@yahoo.in
Adah,Kartik,Bhardwaj,952169608,De,16,Tadepalligudem,Mizoram,India,159631,4409016344,adah.bhardwaj@yahoo.in
Rania,Umang,Sura,152432124,Khalsa,321,Junagadh,Himachal Pradesh,India,735697,4342811602,rania.sura@yahoo.in
Raghav,Azad,Krishna,820952828,Iyengar,454,Anantapuram,Himachal Pradesh,India,984255,5316661404,raghav.krishna@gmail.com
Lakshay,Zeeshan,Andra,939720413,Devan Street,342,Surendranagar Dudhrej,Punjab,India,215669,8021655910,lakshay.andra@yahoo.in
Divit,Advik,Choudhry,341403760,Choudhry Path,588,Pudukkottai,Jharkhand,India,442745,7851463947,divit.choudhry@rediffmail.com
Hrishita,Ivana,Hayer,610674706,Garg Nagar,926,Imphal,Kerala,India,494992,8828130662,hrishita.hayer@yahoo.in
Indrajit,Charvi,Kashyap,897329706,Lata Ganj,552,Pali,Himachal Pradesh,India,697174,2730606516,indrajit.kashyap@gmail.com
Nitara,Dhanush,Varkey,713442972,Mand Chowk,321,Gwalior,Gujarat,India,165803,7569546548,nitara.varkey@outlook.in
Romil,Saksham,Dhingra,906227124,Sandal Chowk,983,Ludhiana,Chhattisgarh,India,834997,7148377945,romil.dhingra@gmail.com
Tarini,Raunak,Apte,906797157,Sharaf Circle,844,Noida,Madhya Pradesh,India,300921,5860603268,tarini.apte@yahoo.in
Mahika,Divit,Varghese,232600684,Chopra Marg,330,Bhubaneswar,Odisha,India,646781,2242744399,mahika.varghese@gmail.com
Indranil,Sara,Sinha,934860763,Maharaj Marg,320,Nagercoil,Tripura,India,973497,6230207584,indranil.sinha@outlook.in
Kismat,Trisha,Dewan,442956891,Rau Path,960,Ratlam,Mizoram,India,751152,2684371781,kismat.dewan@gmail.com
Yuvaan,Anahi,Kota,912638078,Tella Road,329,Sangli-Miraj & Kupwad,West Bengal,India,843547,6057867851,yuvaan.kota@yahoo.in
Reyansh,Shamik,Agarwal,671945444,Sagar Chowk,293,Navi Mumbai,Madhya Pradesh,India,394324,7091421469,reyansh.agarwal@yahoo.in
Kanav,Miraya,Ravi,131182529,Biswas Ganj,803,Khora ,Odisha,India,714934,8439518982,kanav.ravi@gmail.com
Akarsh,Nishith,Gaba,754781192,Mane Street,405,Mysore,Kerala,India,376653,9687514170,akarsh.gaba@outlook.in
Kismat,Neysa,Wagle,948127045,Majumdar Marg,505,Nanded,Manipur,India,961713,4756594007,kismat.wagle@gmail.com
Jayant,Krish,Keer,865355140,Bhatti Path,814,Amritsar,Andhra Pradesh,India,759351,7275718549,jayant.keer@gmail.com
Nirvaan,Ahana ,Sani,747733667,Sunder Ganj,408,Surendranagar Dudhrej,Mizoram,India,888719,3754702956,nirvaan.sani@outlook.in
Zaina,Shalv,Ramakrishnan,999661919,Das Street,858,Coimbatore,Andhra Pradesh,India,587715,4215249373,zaina.ramakrishnan@yahoo.in
Pihu,Elakshi,Sandhu,536311454,Venkataraman Chowk,25,Madurai,Uttar Pradesh,India,140790,5396844455,pihu.sandhu@outlook.in
Anya,Biju,Thaker,879570659,Tak Road,341,Thane,Kerala,India,951117,7184949643,anya.thaker@rediffmail.com
Vedika,Hunar,Bhatia,211264367,Sibal Road,401,Gulbarga,Kerala,India,720571,2459578621,vedika.bhatia@outlook.in
Nirvaan,Lakshay,Sunder,618178144,Bava Road,172,Srinagar,Manipur,India,111306,6411656874,nirvaan.sunder@outlook.in
Ritvik,Shalv,Sankaran,577462993,Sarma Chowk,980,Tezpur,Himachal Pradesh,India,900033,3553049385,ritvik.sankaran@gmail.com
Tara,Elakshi,Boase,258939532,Arya Road,453,Uluberia,Odisha,India,831362,6545740371,tara.boase@rediffmail.com
Saanvi,Myra,Buch,709498732,Khanna Road,599,Durg,Chhattisgarh,India,763236,3985356699,saanvi.buch@outlook.in
Hunar,Veer,Ramanathan,413890036,Ray Road,133,Bhopal,West Bengal,India,196603,2301188571,hunar.ramanathan@gmail.com
Keya,Tejas,Ahuja,378551365,Sharma Circle,700,Morena,Punjab,India,688994,4865487796,keya.ahuja@rediffmail.com
Shray,Khushi,Rout,267371502,Dugar Circle,431,Burhanpur,West Bengal,India,639564,9272460488,shray.rout@outlook.in
Neelofar,Anya,Chad,663968796,Khurana Street,509,Kanpur,Sikkim,India,405298,5067111801,neelofar.chad@outlook.in
Shlok,Lagan,Chowdhury,432117242,Borde Ganj,442,Narasaraopet,Tripura,India,451804,6140827626,shlok.chowdhury@outlook.in
Charvi,Navya,Karpe,711397169,Trivedi Nagar,255,Panihati,Kerala,India,834036,3852906631,charvi.karpe@outlook.in
Yakshit,Shalv,Rattan,206128657,Bandi Circle,837,Begusarai,Nagaland,India,350545,4427030904,yakshit.rattan@outlook.in
Alia,Nishith,Mander,661511992,Dave Ganj,435,Sambalpur,Haryana,India,995176,2958788771,alia.mander@outlook.in
Arnav,Ishita,Ramanathan,385361208,Bath Road,397,Rajkot,Chhattisgarh,India,586453,7539335524,arnav.ramanathan@outlook.in
Biju,Nirvaan,Chawla,344368872,Sidhu,286,Madhyamgram,Bihar,India,185191,4356141519,biju.chawla@gmail.com
Samar,Devansh,Subramanian,780651069,Khare Ganj,117,Mango,Assam,India,338392,3044558229,samar.subramanian@rediffmail.com
Divyansh,Madhav,Madan,732837521,Kohli,770,Jehanabad,Andhra Pradesh,India,203800,7793407965,divyansh.madan@gmail.com
Faiyaz,Vanya,Sem,575283027,Raja Ganj,2,Mumbai,Himachal Pradesh,India,691689,8535778901,faiyaz.sem@gmail.com
Kismat,Mohanlal,Deshmukh,628930743,Gala Street,235,Kottayam,Jharkhand,India,800284,6581899574,kismat.deshmukh@rediffmail.com
Hazel,Raghav,Dash,466298739,Krishnamurthy Circle,142,Gandhidham,Bihar,India,414629,5061737765,hazel.dash@rediffmail.com
Aradhya,Diya,Aggarwal,442746491,Kota Chowk,92,Mangalore,Assam,India,700409,8561022829,aradhya.aggarwal@gmail.com
Pari,Ahana ,Doshi,201541586,Ray Path,10,Jammu,Tripura,India,335501,1995585447,pari.doshi@outlook.in
Ryan,Samar,Krishna,427903381,Keer Circle,532,Dewas,Punjab,India,350212,3885733726,ryan.krishna@rediffmail.com
Samarth,Tiya,Brar,306055421,Srivastava Marg,325,Sangli-Miraj & Kupwad,Punjab,India,326920,3845805571,samarth.brar@yahoo.in
Shaan,Neysa,Kuruvilla,608712246,Subramaniam,233,Agartala,Haryana,India,100949,9301499827,shaan.kuruvilla@gmail.com
Anaya,Romil,Varty,995972094,Bora Path,729,Thoothukudi,Telangana,India,229006,8495636795,anaya.varty@rediffmail.com
Alisha,Jivika,Dube,556660155,Singh Marg,99,Kolkata,Tripura,India,941141,9332182041,alisha.dube@rediffmail.com
Bhavin,Neelofar,Jayaraman,479687950,Kari Street,941,Surat,Uttarakhand,India,291037,4025112594,bhavin.jayaraman@yahoo.in
Lakshay,Onkar,Sahota,869521454,Thaman Road,641,Nagpur,Karnataka,India,731551,6937390011,lakshay.sahota@outlook.in
Ivana,Krish,Mammen,893513422,Ranganathan Ganj,2,Panipat,Bihar,India,183863,1319661174,ivana.mammen@rediffmail.com
Ishaan,Anvi,Gaba,876153361,Keer,228,Pali,Tamil Nadu,India,366305,8329312966,ishaan.gaba@rediffmail.com
Nishith,Khushi,Dey,751444364,Balan Marg,758,Pimpri-Chinchwad,Rajasthan,India,617384,6766817928,nishith.dey@gmail.com
Heer,Raunak,Goyal,570432459,Keer Zila,785,Srinagar,Karnataka,India,613297,8440811892,heer.goyal@gmail.com
Indrajit,Khushi,Vohra,261511790,Mangat Road,673,Kishanganj,Assam,India,687367,2882317517,indrajit.vohra@outlook.in
Shaan,Tarini,Mangat,686891329,Mallick Road,56,Lucknow,Chhattisgarh,India,604131,8960435535,shaan.mangat@yahoo.in
Trisha,Lakshit,Kapoor,902378486,Dyal Street,367,Ambattur,Manipur,India,228877,6850620764,trisha.kapoor@rediffmail.com
Kiaan,Pranay,Sandhu,855979006,Ramakrishnan Road,822,Kolhapur,Bihar,India,756057,8053368108,kiaan.sandhu@gmail.com
Aaryahi,Aradhya,Hora,965505500,Thakur Nagar,916,Anand,Kerala,India,292300,9659518512,aaryahi.hora@outlook.in
Adira,Yasmin,Babu,641393037,Subramanian Path,183,Ichalkaranji,Odisha,India,348405,9878167585,adira.babu@outlook.in
Dhanuk,Ivana,Mandal,198938348,Lata Zila,449,Anand,West Bengal,India,798090,4657104313,dhanuk.mandal@gmail.com
Kaira,Nehmat,Kaur,755016314,Sheth Ganj,823,Chinsurah,Uttarakhand,India,389460,6484093053,kaira.kaur@rediffmail.com
Alisha,Indrajit,Walia,893427121,Bansal Path,919,Ramgarh,Karnataka,India,212274,9368759645,alisha.walia@outlook.in
Akarsh,Ritvik,Iyer,717120062,Ratta Nagar,13,Surat,Andhra Pradesh,India,624774,6262322526,akarsh.iyer@outlook.in
Aaryahi,Mamooty,Borra,377941235,Sandal,28,Katihar,Manipur,India,455059,9269343397,aaryahi.borra@outlook.in
Saanvi,Indrans,Vig,719394502,Som Ganj,608,Tiruppur,Jharkhand,India,289855,1779909040,saanvi.vig@rediffmail.com
Anay,Arnav,Loke,746308250,Madan Street,884,Coimbatore,Karnataka,India,202994,9033977087,anay.loke@rediffmail.com
Manikya,Krish,Saha,324205085,Bumb Road,908,Gopalpur,Haryana,India,663989,2526194146,manikya.saha@rediffmail.com
Hiran,Gatik,Vyas,572060870,Arya Marg,15,Dhule,Madhya Pradesh,India,847974,5506341057,hiran.vyas@gmail.com
Advika,Lagan,Iyengar,313285647,Rajagopal Marg,960,Tiruchirappalli,Goa,India,988165,3218334233,advika.iyengar@outlook.in
Ishaan,Fateh,Shukla,325097061,Shanker Chowk,765,Ratlam,Maharashtra,India,447054,1820257761,ishaan.shukla@yahoo.in
Divij,Taran,Sura,644290666,Datta Chowk,324,Sirsa,Andhra Pradesh,India,940107,5326129844,divij.sura@gmail.com
Zaina,Divyansh,Kade,529827812,Gole Path,70,Amritsar,Maharashtra,India,837313,8095293870,zaina.kade@outlook.in
Manikya,Nehmat,Sarna,190679079,Vora Marg,639,Pune,Himachal Pradesh,India,807771,9148975433,manikya.sarna@rediffmail.com
Azad,Jayesh,Bobal,367359701,Agrawal,159,Kadapa,Chhattisgarh,India,143528,1167464267,azad.bobal@outlook.in
Kimaya,Seher,Suresh,325298519,Grewal Road,6,Sangli-Miraj & Kupwad,Maharashtra,India,804648,1740538233,kimaya.suresh@rediffmail.com
Ela,Zoya,Borra,896680642,Gopal Street,779,Ujjain,Andhra Pradesh,India,734624,3136984143,ela.borra@rediffmail.com
Ryan,Umang,Jaggi,771424174,Rastogi Road,368,Bhopal,Uttar Pradesh,India,300010,5405906442,ryan.jaggi@outlook.in
Aniruddh,Arhaan,Walia,605198031,Jani Street,217,Panvel,Madhya Pradesh,India,559678,1729028760,aniruddh.walia@gmail.com
Divyansh,Mamooty,Amble,474377701,Kadakia Zila,327,Gorakhpur,Meghalaya,India,372623,2891571587,divyansh.amble@gmail.com
Lavanya,Aarav,Tailor,783818106,Khanna Road,563,Bardhaman,Chhattisgarh,India,550703,7614189891,lavanya.tailor@rediffmail.com
Mannat,Divit,Sami,869137689,Koshy Chowk,22,Cuttack,Haryana,India,368767,3210765844,mannat.sami@yahoo.in
Zara,Nirvi,Bora,342184443,Sharaf Zila,300,Sambhal,Jharkhand,India,656538,1451951731,zara.bora@yahoo.in
Mamooty,Samiha,Dass,298241468,Gala Road,155,Gudivada,Mizoram,India,882838,4863461116,mamooty.dass@outlook.in
Shaan,Nitara,Kakar,502406970,Mann Street,442,Kharagpur,Rajasthan,India,310559,1782424812,shaan.kakar@yahoo.in
Hridaan,Yashvi,Ravel,136629671,Buch Ganj,248,North Dumdum,Andhra Pradesh,India,175076,7752061110,hridaan.ravel@outlook.in
Anya,Kanav,Varughese,469261714,Jain,816,Kakinada,Manipur,India,242224,7963484427,anya.varughese@outlook.in
Inaaya ,Shanaya,Kannan,226507324,Sagar Road,682,Naihati,Goa,India,409780,6391405567,inaaya .kannan@rediffmail.com
Zara,Trisha,Viswanathan,623293606,Kari Circle,608,Tiruvottiyur,Tripura,India,653029,7524368542,zara.viswanathan@gmail.com
Chirag,Aaryahi,Srinivas,492369146,Magar Nagar,148,Bareilly,Haryana,India,842785,9482937862,chirag.srinivas@gmail.com
Faiyaz,Riya,Bhasin,691057043,Bhatnagar Road,705,Aizawl,Manipur,India,930260,3167771879,faiyaz.bhasin@yahoo.in
Vivaan,Kartik,Tank,648579657,Trivedi Street,11,Pune,Gujarat,India,676426,3255052081,vivaan.tank@gmail.com
Yasmin,Hrishita,Lata,489399078,Saran Ganj,446,Dindigul,Goa,India,244949,3655081209,yasmin.lata@rediffmail.com
Suhana,Hrishita,Sehgal,263263607,Kala,723,Alwar,Arunachal Pradesh,India,704773,9370457946,suhana.sehgal@gmail.com
Ritvik,Aaina,Hayer,660223249,Kaur Chowk,729,Bhavnagar,Telangana,India,631893,9324262230,ritvik.hayer@rediffmail.com
Aarav,Rhea,Barad,369862716,Sami Circle,709,Dhule,Telangana,India,229385,5120057988,aarav.barad@outlook.in
Biju,Hiran,Shroff,540637370,Khosla Street,103,Latur,Madhya Pradesh,India,846409,4377187993,biju.shroff@outlook.in
Neelofar,Kiara,Kadakia,519832695,Dash Ganj,374,Madurai,Haryana,India,974960,2186346730,neelofar.kadakia@rediffmail.com
Yakshit,Seher,Bhatia,879513975,Samra,230,Tiruppur,Manipur,India,389211,2406470575,yakshit.bhatia@gmail.com
Navya,Sahil,Bhargava,659011768,Behl Circle,180,Ahmednagar,Sikkim,India,149474,7177331154,navya.bhargava@gmail.com
Gatik,Manjari,Madan,897695393,Bose Chowk,431,Mau,Himachal Pradesh,India,734656,5470939104,gatik.madan@yahoo.in
Onkar,Anahita,Bhalla,773126960,Master Marg,885,Morbi,Tripura,India,901359,2250294737,onkar.bhalla@yahoo.in
Elakshi,Sana,Behl,195104483,Ram,491,New Delhi,West Bengal,India,578137,7152443211,elakshi.behl@outlook.in
Bhavin,Trisha,Ray,212947007,Upadhyay Road,760,Chandrapur,Rajasthan,India,199847,7476052850,bhavin.ray@gmail.com
Aaina,Ojas,Sama,997966258,Barman Path,912,Salem,Tamil Nadu,India,606702,8756674382,aaina.sama@yahoo.in
Nirvaan,Madhup,Master,631476522,Kalla,859,Vasai-Virar,Tripura,India,423551,7724287042,nirvaan.master@gmail.com
Mahika,Vaibhav,Lad,816783908,Ramachandran Nagar,751,Gudivada,Uttarakhand,India,488635,5097705819,mahika.lad@rediffmail.com
Kashvi,Tarini,Batta,226136059,Gole Ganj,760,Singrauli,Tamil Nadu,India,211157,4196786163,kashvi.batta@gmail.com
Shray,Advika,Sabharwal,946254966,Mangat Chowk,171,Silchar,Uttarakhand,India,226210,4900179544,shray.sabharwal@gmail.com
Madhav,Anay,Mander,294065618,Bawa Path,763,Haridwar,Uttar Pradesh,India,666703,9711802464,madhav.mander@gmail.com
Amani,Taimur,Vala,372208827,Goda Path,852,Bally,Manipur,India,473319,4366007978,amani.vala@gmail.com
Shaan,Myra,Karnik,850657658,Sodhi Road,562,Bhagalpur,Nagaland,India,209566,4502414628,shaan.karnik@yahoo.in
Charvi,Shamik,Varty,195422848,Randhawa Path,719,Ratlam,Uttarakhand,India,220834,2313552042,charvi.varty@gmail.com
Saira,Yuvaan,Bath,786606073,Rastogi Path,655,Gaya,Tripura,India,198974,2643668468,saira.bath@rediffmail.com
Prerak,Aradhya,Varty,859560763,Ganguly Path,208,Mirzapur,Tripura,India,600854,6018854794,prerak.varty@rediffmail.com
Advik,Kavya,Bhalla,303785198,Kulkarni Road,144,Karaikudi,Nagaland,India,329004,6059076790,advik.bhalla@outlook.in
Miraya,Kiaan,Sarin,181534962,Bath Zila,193,Firozabad,Chhattisgarh,India,453418,8369683288,miraya.sarin@yahoo.in
Hazel,Himmat,Goel,526014310,Ben Marg,696,Srikakulam,Odisha,India,253168,5169319206,hazel.goel@gmail.com
Samarth,Arnav,Chowdhury,575169464,Mahal Ganj,533,Panipat,Andhra Pradesh,India,134095,3123830957,samarth.chowdhury@outlook.in
Rania,Mamooty,Choudhary,363444418,Sabharwal Chowk,997,Ulhasnagar,Andhra Pradesh,India,954655,2274716830,rania.choudhary@rediffmail.com
Akarsh,Anya,Varughese,757366769,Johal Chowk,212,Haridwar,Goa,India,608046,7789894969,akarsh.varughese@yahoo.in
Mishti,Siya,Mani,515649533,Sastry Road,147,Firozabad,Maharashtra,India,595359,6885086622,mishti.mani@yahoo.in
Miraan,Taimur,Dutta,680216914,Saraf Zila,996,Pondicherry,West Bengal,India,735947,4016934569,miraan.dutta@gmail.com
Yashvi,Gokul,Luthra,721651927,Srinivasan Zila,107,Jorhat,Karnataka,India,623739,6256884496,yashvi.luthra@gmail.com
Priyansh,Baiju,Mani,998306809,Ranganathan Chowk,858,Mehsana,Odisha,India,490495,2873397116,priyansh.mani@rediffmail.com
Jayan,Alia,Apte,701251106,Sachar Circle,593,Sri Ganganagar,Meghalaya,India,236798,1635140305,jayan.apte@yahoo.in
Pihu,Saira,Goel,170236410,Mane Road,932,Bhopal,Tamil Nadu,India,316708,7862234657,pihu.goel@rediffmail.com
Adah,Himmat,Sarraf,920730879,Chokshi Marg,741,Tirupati,Nagaland,India,476225,6603476620,adah.sarraf@yahoo.in
Mehul,Diya,Mane,957293021,Bora Marg,369,Chennai,Punjab,India,245335,9817442957,mehul.mane@outlook.in
Tanya,Fateh,Gola,730767136,Rana Zila,158,Bettiah,Maharashtra,India,301706,4136959706,tanya.gola@yahoo.in
Sana,Kismat,Chatterjee,367146461,Tiwari Street,803,Ludhiana,Rajasthan,India,634689,9284245371,sana.chatterjee@rediffmail.com